Title,Date
"Alchemy of Souls: Part 1: Episode 8","30/04/24"
"Alchemy of Souls: Part 1: Episode 7","30/04/24"
"Alchemy of Souls: Part 1: Episode 6","29/04/24"
"Alchemy of Souls: Part 1: Episode 5","29/04/24"
"Alchemy of Souls: Part 1: Episode 4","29/04/24"
"Alchemy of Souls: Part 1: Episode 3","28/04/24"
"Queen of Tears: Limited Series: Episode 16","28/04/24"
"Queen of Tears: Limited Series: Episode 15","27/04/24"
"Alchemy of Souls: Part 1: Episode 2","26/04/24"
"Alchemy of Souls: Part 1: Episode 1","24/04/24"
"20th Century Girl","23/04/24"
"Record of Youth: Season 1: Episode 16","22/04/24"
"Queen of Tears: Limited Series: Episode 14","21/04/24"
"Record of Youth: Season 1: Episode 15","21/04/24"
"Record of Youth: Season 1: Episode 14","21/04/24"
"Record of Youth: Season 1: Episode 13","21/04/24"
"Queen of Tears: Limited Series: Episode 13","20/04/24"
"Record of Youth: Season 1: Episode 12","20/04/24"
"Record of Youth: Season 1: Episode 11","20/04/24"
"Record of Youth: Season 1: Episode 10","20/04/24"
"Record of Youth: Season 1: Episode 9","19/04/24"
"Record of Youth: Season 1: Episode 8","18/04/24"
"Record of Youth: Season 1: Episode 7","17/04/24"
"Record of Youth: Season 1: Episode 6","17/04/24"
"Record of Youth: Season 1: Episode 5","17/04/24"
"Record of Youth: Season 1: Episode 4","17/04/24"
"Record of Youth: Season 1: Episode 3","17/04/24"
"Record of Youth: Season 1: Episode 2","17/04/24"
"Record of Youth: Season 1: Episode 1","16/04/24"
"Queen of Tears: Limited Series: Episode 12","14/04/24"
"Queen of Tears: Limited Series: Episode 11","13/04/24"
"Queen of Tears: Limited Series: Episode 1","13/04/24"
"Queen of Tears: Limited Series: Episode 10","07/04/24"
"Queen of Tears: Limited Series: Episode 9","07/04/24"
"Our Beloved Summer: Limited Series: Begin Again","04/04/24"
"Our Beloved Summer: Limited Series: Our Nights Are More Beautiful Than Your Days","04/04/24"
"Our Beloved Summer: Limited Series: Our Beloved Summer","03/04/24"
"Our Beloved Summer: Limited Series: Three Idiots","03/04/24"
"Our Beloved Summer: Limited Series: Life Is Beautiful","03/04/24"
"Our Beloved Summer: Limited Series: Love Actually","03/04/24"
"Our Beloved Summer: Limited Series: Hello, My Soul Mate","02/04/24"
"Our Beloved Summer: Limited Series: Just Friends","02/04/24"
"Our Beloved Summer: Limited Series: Before Sunset","02/04/24"
"Our Beloved Summer: Limited Series: Catch Me If You Can","02/04/24"
"Our Beloved Summer: Limited Series: Pride and Prejudice","02/04/24"
"Our Beloved Summer: Limited Series: A Secret That Can’t Be Told","01/04/24"
"Our Beloved Summer: Limited Series: The Boy, or the Girl, We Liked Then","01/04/24"
"Queen of Tears: Limited Series: Episode 8","01/04/24"
"Queen of Tears: Limited Series: Episode 7","01/04/24"
"Our Beloved Summer: Limited Series: 10 Things I Hate About You","30/03/24"
"Our Beloved Summer: Limited Series: 1792 Days of Summer","29/03/24"
"Our Beloved Summer: Limited Series: I Know What You Did Last Summer","28/03/24"
"Queen of Tears: Limited Series: Episode 6","25/03/24"
"Queen of Tears: Limited Series: Episode 5","24/03/24"
"Doctor Slump: Limited Series: Episode 16","17/03/24"
"Queen of Tears: Limited Series: Episode 4","17/03/24"
"Welcome to Samdal-ri: Limited Series: The Variables We Couldn't Predict","17/03/24"
"Doctor Slump: Limited Series: Episode 15","16/03/24"
"Queen of Tears: Limited Series: Episode 3","16/03/24"
"Welcome to Samdal-ri: Limited Series: The Story of the Two Mi-jas","15/03/24"
"Doctor Slump: Limited Series: Episode 1","15/03/24"
"Welcome to Samdal-ri: Limited Series: The Bracken Rain of Jeju","15/03/24"
"Welcome to Samdal-ri: Limited Series: Breaking Up, With Love","15/03/24"
"Welcome to Samdal-ri: Limited Series: The Dreams by Cho Yong-pil","15/03/24"
"Welcome to Samdal-ri: Limited Series: I See You","15/03/24"
"Itaewon Class: Season 1: Episode 1","15/03/24"
"Hidden Love: Episode 18","15/03/24"
"Hidden Love: Episode 17","15/03/24"
"Queen of Tears: Limited Series: Episode 2","14/03/24"
"Hidden Love: Episode 16","14/03/24"
"Hidden Love: Episode 15","13/03/24"
"Hidden Love: Episode 14","13/03/24"
"Hidden Love: Episode 13","12/03/24"
"Hidden Love: Episode 12","12/03/24"
"Hidden Love: Episode 11","12/03/24"
"Hidden Love: Episode 10","12/03/24"
"Hidden Love: Episode 9","12/03/24"
"Hidden Love: Episode 8","12/03/24"
"Hidden Love: Episode 7","12/03/24"
"Hidden Love: Episode 6","12/03/24"
"Hidden Love: Episode 5","12/03/24"
"Hidden Love: Episode 4","12/03/24"
"Hidden Love: Episode 3","12/03/24"
"Hidden Love: Episode 2","11/03/24"
"Hidden Love: Episode 1","11/03/24"
"When I Fly Towards You: Lost Rainy Days, I Long to Be Soaked Once More","11/03/24"
"Doctor Slump: Limited Series: Episode 14","10/03/24"
"Doctor Slump: Limited Series: Episode 13","10/03/24"
"Hidden Love: Episode 25","08/03/24"
"Hidden Love: Episode 24","08/03/24"
"Hidden Love: Episode 23","08/03/24"
"Hidden Love: Episode 22","08/03/24"
"Hidden Love: Episode 21","08/03/24"
"Hidden Love: Episode 20","08/03/24"
"Hidden Love: Episode 19","08/03/24"
"Doctor Slump: Limited Series: Episode 12","06/03/24"
"Doctor Slump: Limited Series: Episode 11","06/03/24"
"Doctor Slump: Limited Series: Episode 10","05/03/24"
"Doctor Slump: Limited Series: Episode 9","25/02/24"
"Itaewon Class: Season 1: Episode 16","23/02/24"
"Itaewon Class: Season 1: Episode 15","23/02/24"
"Itaewon Class: Season 1: Episode 14","23/02/24"
"Itaewon Class: Season 1: Episode 13","22/02/24"
"Itaewon Class: Season 1: Episode 12","22/02/24"
"Itaewon Class: Season 1: Episode 11","22/02/24"
"Itaewon Class: Season 1: Episode 10","22/02/24"
"Itaewon Class: Season 1: Episode 9","22/02/24"
"Itaewon Class: Season 1: Episode 8","22/02/24"
"Itaewon Class: Season 1: Episode 7","22/02/24"
"Itaewon Class: Season 1: Episode 6","22/02/24"
"Itaewon Class: Season 1: Episode 4","21/02/24"
"Itaewon Class: Season 1: Episode 5","21/02/24"
"Itaewon Class: Season 1: Episode 3","20/02/24"
"Itaewon Class: Season 1: Episode 2","20/02/24"
"Like Flowers in Sand: Limited Series: Like Flowers in Sand","20/02/24"
"Like Flowers in Sand: Limited Series: The Culprit Lives Among Us","20/02/24"
"Like Flowers in Sand: Limited Series: Endlessly Tangled, Persistently Intertwined","19/02/24"
"Like Flowers in Sand: Limited Series: All That We Have Lost","19/02/24"
"Like Flowers in Sand: Limited Series: Remember, Don't Remember","19/02/24"
"Doctor Slump: Limited Series: Episode 8","18/02/24"
"Doctor Slump: Limited Series: Episode 7","17/02/24"
"Like Flowers in Sand: Limited Series: New Day, New Incident","15/02/24"
"Like Flowers in Sand: Limited Series: What Cannot Be Hidden","15/02/24"
"Like Flowers in Sand: Limited Series: Kim Baek-du, I See Right Through You","13/02/24"
"Like Flowers in Sand: Limited Series: I Know What You Did That Day","13/02/24"
"Like Flowers in Sand: Limited Series: Du-sik Is Not Her Name","12/02/24"
"Like Flowers in Sand: Limited Series: There's Something About Oh Du-sik","12/02/24"
"Like Flowers in Sand: Limited Series: Ssireum Prodigy, Kim Baek-du","11/02/24"
"Doctor Slump: Limited Series: Episode 6","11/02/24"
"Doctor Slump: Limited Series: Episode 5","10/02/24"
"Doctor Slump: Limited Series: Episode 4","10/02/24"
"Doctor Slump: Limited Series: Episode 3","10/02/24"
"Doctor Slump: Limited Series: Episode 2","10/02/24"
"My Demon: Limited Series: Our Personal Heaven","20/01/24"
"My Demon: Limited Series: The End of Fate","20/01/24"
"My Demon: Limited Series: Our Personal Hell","13/01/24"
"My Demon: Limited Series: The Past, the Original Sin","13/01/24"
"Gyeongseong Creature: Season 1: Tear","07/01/24"
"Gyeongseong Creature: Season 1: Atrocity","07/01/24"
"My Demon: Limited Series: The Savior of Destruction","07/01/24"
"Gyeongseong Creature: Season 1: Awakening","06/01/24"
"My Demon: Limited Series: A Paradise of the Ominous","05/01/24"
"King the Land: Limited Series: Episode 6","01/01/24"
"King the Land: Limited Series: Episode 5","01/01/24"
"King the Land: Limited Series: Episode 4","01/01/24"
"King the Land: Limited Series: Episode 3","31/12/23"
"King the Land: Limited Series: Episode 2","31/12/23"
"King the Land: Limited Series: Episode 1","31/12/23"
"Gyeongseong Creature: Season 1: Chase","30/12/23"
"Gyeongseong Creature: Season 1: Chaos","30/12/23"
"Gyeongseong Creature: Season 1: Desperation","30/12/23"
"Gyeongseong Creature: Season 1: Imprinting","29/12/23"
"Gyeongseong Creature: Season 1: Signal","29/12/23"
"Gyeongseong Creature: Season 1: Mother","29/12/23"
"Gyeongseong Creature: Season 1: Najin","29/12/23"
"My Demon: Limited Series: Breaking Through the Shell","24/12/23"
"My Demon: Limited Series: The Unmasked Truth","23/12/23"
"The Archies","22/12/23"
"Vincenzo: Season 1: Episode 20","20/12/23"
"Vincenzo: Season 1: Episode 19","20/12/23"
"Vincenzo: Season 1: Episode 18","20/12/23"
"Vincenzo: Season 1: Episode 17","20/12/23"
"Vincenzo: Season 1: Episode 16","20/12/23"
"Vincenzo: Season 1: Episode 15","20/12/23"
"Vincenzo: Season 1: Episode 14","19/12/23"
"Vincenzo: Season 1: Episode 13","19/12/23"
"Vincenzo: Season 1: Episode 12","19/12/23"
"Vincenzo: Season 1: Episode 11","19/12/23"
"Vincenzo: Season 1: Episode 10","19/12/23"
"Vincenzo: Season 1: Episode 9","18/12/23"
"Vincenzo: Season 1: Episode 8","18/12/23"
"Vincenzo: Season 1: Episode 7","18/12/23"
"Vincenzo: Season 1: Episode 6","17/12/23"
"Vincenzo: Season 1: Episode 5","17/12/23"
"Vincenzo: Season 1: Episode 4","17/12/23"
"Vincenzo: Season 1: Episode 3","17/12/23"
"My Demon: Limited Series: The Fateful Choice","16/12/23"
"Vincenzo: Season 1: Episode 2","15/12/23"
"Vincenzo: Season 1: Episode 1","15/12/23"
"My Demon: Limited Series: Stained Relationships","15/12/23"
"Welcome to Samdal-ri: Limited Series: The Rotten Apple of My Eye","15/12/23"
"Welcome to Samdal-ri: Limited Series: Like Wild Birds, Soaring, Dreaming, Descending","14/12/23"
"Doom at Your Service: Episode 16","14/12/23"
"Doom at Your Service: Episode 15","14/12/23"
"Doom at Your Service: Epsiode 14","14/12/23"
"Doom at Your Service: Episode 13","14/12/23"
"Doom at Your Service: Episode 12","13/12/23"
"Doom at Your Service: Epsiode 11","13/12/23"
"Doom at Your Service: Episode 10","13/12/23"
"My Demon: Limited Series: Into the Wheel of Fortune","13/12/23"
"Doom at Your Service: Episode 9","12/12/23"
"Doom at Your Service: Episode 8","11/12/23"
"Doom at Your Service: Episode 7","11/12/23"
"Doom at Your Service: Episode 6","10/12/23"
"Doom at Your Service: Episode 5","09/12/23"
"Doom at Your Service: Episode 4","09/12/23"
"Doom at Your Service: Episode 3","09/12/23"
"Doom at Your Service: Episode 2","09/12/23"
"Doom at Your Service: Episode 1","09/12/23"
"My Demon: Limited Series: Only You","08/12/23"
"My Demon: Limited Series: Everyone Has a Demon in Their Heart","07/12/23"
"My Demon: Limited Series: Living in the Mist","07/12/23"
"Welcome to Samdal-ri: Limited Series: The Soulmates' History","04/12/23"
"Welcome to Samdal-ri: Limited Series: Tears of the Dragon","04/12/23"
"Castaway Diva: Limited Series: Coincidence vs. Fate","03/12/23"
"My Demon: Limited Series: Sweet but Dangerous","02/12/23"
"Castaway Diva: Limited Series: Giver vs. Taker","02/12/23"
"Castaway Diva: Limited Series: Answers vs. Risks","02/12/23"
"My Demon: Limited Series: Joining Hands With a Demon","02/12/23"
"Castaway Diva: Limited Series: Consolation vs. Resolution","01/12/23"
"Castaway Diva: Limited Series: First Fan vs. First Fan","20/11/23"
"Castaway Diva: Limited Series: Seo Mok-ha vs. Eun Mo-rae","18/11/23"
"Castaway Diva: Limited Series: Secrets vs. Lies","13/11/23"
"Castaway Diva: Limited Series: Regret vs. Pride","13/11/23"
"Daily Dose of Sunshine: Season 1: The Darkest Hour Is Just Before the Dawn","09/11/23"
"Castaway Diva: Limited Series: 2008 vs. 2022","06/11/23"
"Castaway Diva: Limited Series: Cooler Box vs. Drone","06/11/23"
"It's Okay to Not Be Okay: Season 1: Finding The Real Face","03/11/23"
"It's Okay to Not Be Okay: Season 1: A Tale of Two Brothers","03/11/23"
"It's Okay to Not Be Okay: Season 1: The Hand, The Monkfish","03/11/23"
"It's Okay to Not Be Okay: Season 1: The Father of the Two Sisters","03/11/23"
"It's Okay to Not Be Okay: Season 1: Romeo and Juliet","03/11/23"
"It's Okay to Not Be Okay: Season 1: The Ugly Duckling","02/11/23"
"It's Okay to Not Be Okay: Season 1: The Girl Who Cried Wolf","02/11/23"
"It's Okay to Not Be Okay: Season 1: King Donkey Ears","02/11/23"
"It's Okay to Not Be Okay: Season 1: Beauty and the Beast","02/11/23"
"It's Okay to Not Be Okay: Season 1: The Cheerful Dog","02/11/23"
"It's Okay to Not Be Okay: Season 1: Bluebeard’s Secret","01/11/23"
"It's Okay to Not Be Okay: Season 1: Rapunzel and the Cursed Castle","01/11/23"
"It's Okay to Not Be Okay: Season 1: Zombie Kid","01/11/23"
"It's Okay to Not Be Okay: Season 1: The Boy Who Fed On Nightmares","01/11/23"
"It's Okay to Not Be Okay: Season 1: The Lady In Red Shoes","01/11/23"
"It's Okay to Not Be Okay: Season 1: Sleeping Witch","31/10/23"
"Doona!: Season 1: Doona!","31/10/23"
"Doona!: Season 1: Typical and Ordinary","31/10/23"
"Doona!: Season 1: Clear the Air","31/10/23"
"Doona!: Season 1: Twilight Zone","31/10/23"
"Doona!: Season 1: Meaningless Kiss","31/10/23"
"Doona!: Season 1: The Unexpected","31/10/23"
"Doona!: Season 1: Spring Breeze","31/10/23"
"Doona!: Season 1: Getting to Know Each Other","31/10/23"
"Doona!: Season 1: An Unexpected Twist","30/10/23"
"Well-Intended Love: Season 1: Episode 20","30/10/23"
"Well-Intended Love: Season 1: Episode 19","30/10/23"
"Well-Intended Love: Season 1: Episode 18","30/10/23"
"Well-Intended Love: Season 1: Episode 17","30/10/23"
"Well-Intended Love: Season 1: Episode 16","30/10/23"
"Well-Intended Love: Season 1: Episode 15","30/10/23"
"Well-Intended Love: Season 1: Episode 14","30/10/23"
"Well-Intended Love: Season 1: Episode 13","30/10/23"
"Well-Intended Love: Season 1: Episode 12","30/10/23"
"Well-Intended Love: Season 1: Episode 11","30/10/23"
"Well-Intended Love: Season 1: Episode 10","30/10/23"
"Well-Intended Love: Season 1: Episode 9","30/10/23"
"Well-Intended Love: Season 1: Episode 8","30/10/23"
"Well-Intended Love: Season 1: Episode 7","30/10/23"
"Well-Intended Love: Season 1: Episode 6","29/10/23"
"Well-Intended Love: Season 1: Episode 5","29/10/23"
"Well-Intended Love: Season 1: Episode 4","29/10/23"
"Well-Intended Love: Season 1: Episode 3","29/10/23"
"Well-Intended Love: Season 1: Episode 2","29/10/23"
"Well-Intended Love: Season 1: Episode 1","29/10/23"
"Castaway Diva: Limited Series: Coincidence vs. Fate","29/10/23"
"Castaway Diva: Limited Series: Inside the Fish Tank vs. Outside the Fish Tank","29/10/23"
"Kakegurui: Episode 12","29/10/23"
"Kakegurui: Episode 11","29/10/23"
"Kakegurui: Episode 10","28/10/23"
"Kakegurui: Episode 9","28/10/23"
"Kakegurui: Episode 8","28/10/23"
"Kakegurui: Episode 7","28/10/23"
"Kakegurui: Episode 4","28/10/23"
"Kakegurui: Episode 6","28/10/23"
"Kakegurui: Episode 5","28/10/23"
"Kakegurui: Episode 3","28/10/23"
"Kakegurui: Episode 2","28/10/23"
"Kakegurui: Episode 1","28/10/23"
"Hunter X Hunter (2011): Season 1: Hope x and x Ambition","26/10/23"
"Hunter X Hunter (2011): Season 1: Rivals x for x Survival","26/10/23"
"Hunter X Hunter (2011): Season 1: Test x of x Tests","26/10/23"
"Hunter X Hunter (2011): Season 1: Departure x and x Friends","26/10/23"
"Crash Course in Romance: Limited Series: You and I, the Intersection of Two Universes","16/10/23"
"My ID is Gangnam Beauty: Season 1: Episode 15","15/10/23"
"My ID is Gangnam Beauty: Season 1: Episode 14","15/10/23"
"My ID is Gangnam Beauty: Season 1: Episode 13","15/10/23"
"My ID is Gangnam Beauty: Season 1: Episode 12","15/10/23"
"My ID is Gangnam Beauty: Season 1: Episode 11","15/10/23"
"My ID is Gangnam Beauty: Season 1: Episode 10","15/10/23"
"My ID is Gangnam Beauty: Season 1: Episode 9","15/10/23"
"My ID is Gangnam Beauty: Season 1: Episode 8","15/10/23"
"My ID is Gangnam Beauty: Season 1: Episode 7","15/10/23"
"My ID is Gangnam Beauty: Season 1: Episode 6","15/10/23"
"My ID is Gangnam Beauty: Season 1: Episode 5","15/10/23"
"My ID is Gangnam Beauty: Season 1: Episode 4","15/10/23"
"My ID is Gangnam Beauty: Season 1: Episode 3","14/10/23"
"My ID is Gangnam Beauty: Season 1: Episode 2","14/10/23"
"My ID is Gangnam Beauty: Season 1: Episode 1","14/10/23"
"Do Do Sol Sol La La Sol: Season 1: Do Do Sol Sol La La Sol","14/10/23"
"Do Do Sol Sol La La Sol: Season 1: Lala Piano Land","14/10/23"
"Do Do Sol Sol La La Sol: Season 1: Da Capo","14/10/23"
"Do Do Sol Sol La La Sol: Season 1: Pianist Patient","14/10/23"
"Do Do Sol Sol La La Sol: Season 1: Do Do Sol Sol La La Sol","14/10/23"
"Love O2O","14/10/23"
"Love O2O: Season 1: Episode 30","12/10/23"
"Love O2O: Season 1: Episode 29","12/10/23"
"Love O2O: Season 1: Episode 28","12/10/23"
"Love O2O: Season 1: Episode 27","11/10/23"
"Love O2O: Season 1: Episode 26","11/10/23"
"Love O2O: Season 1: Episode 25","11/10/23"
"Love O2O: Season 1: Episode 24","11/10/23"
"Love O2O: Season 1: Episode 23","11/10/23"
"Love O2O: Season 1: Episode 22","11/10/23"
"Love O2O: Season 1: Episode 21","11/10/23"
"Love O2O: Season 1: Episode 20","11/10/23"
"Love O2O: Season 1: Episode 19","11/10/23"
"Love O2O: Season 1: Episode 18","11/10/23"
"Love O2O: Season 1: Episode 17","11/10/23"
"Love O2O: Season 1: Episode 16","11/10/23"
"Love O2O: Season 1: Episode 15","11/10/23"
"Love O2O: Season 1: Episode 14","11/10/23"
"Love O2O: Season 1: Episode 13","11/10/23"
"Love O2O: Season 1: Episode 12","10/10/23"
"Love O2O: Season 1: Episode 11","10/10/23"
"Love O2O: Season 1: Episode 10","10/10/23"
"Love O2O: Season 1: Episode 9","10/10/23"
"Love O2O: Season 1: Episode 8","10/10/23"
"Love O2O: Season 1: Episode 7","10/10/23"
"Love O2O: Season 1: Episode 6","10/10/23"
"Love O2O: Season 1: Episode 5","10/10/23"
"Love O2O: Season 1: Episode 4","10/10/23"
"Love O2O: Season 1: Episode 3","10/10/23"
"Love O2O: Season 1: Episode 2","10/10/23"
"Love O2O: Season 1: Episode 1","10/10/23"
"Kuroko's Basketball: Last Game","08/10/23"
"Destined with You: Limited Series: Episode 14","08/10/23"
"Destined with You: Limited Series: Episode 13","08/10/23"
"Kuroko's Basketball: Season 3: It is the Best Present","08/10/23"
"Kuroko's Basketball: Season 3: Many Times Over","08/10/23"
"Kuroko's Basketball: Season 3: So It Was You","08/10/23"
"Kuroko's Basketball: Season 3: Why don't we give up","08/10/23"
"Kuroko's Basketball: Season 3: A Warning","08/10/23"
"Kuroko's Basketball: Season 3: In my own way, I'm desperate","08/10/23"
"Kuroko's Basketball: Season 3: Weight of Resolve","08/10/23"
"Kuroko's Basketball: Season 3: A miracle will not happen","08/10/23"
"Kuroko's Basketball: Season 3: Isn't it the Best","08/10/23"
"Kuroko's Basketball: Season 3: Final Tip-off","08/10/23"
"Kuroko's Basketball: Season 3: What is Victory","08/10/23"
"Kuroko's Basketball: Season 3: We No Longer","08/10/23"
"Kuroko's Basketball: Season 3: ....Sorry","07/10/23"
"Kuroko's Basketball: Season 3: A Day with Blue Skies","07/10/23"
"Kuroko's Basketball: Season 3: I Know None of That","07/10/23"
"Kuroko's Basketball: Season 3: I'll Take This For Now","07/10/23"
"Kuroko's Basketball: Season 2: Episode 37","07/10/23"
"Kuroko's Basketball: Season 3: He is the Best Player","07/10/23"
"Kuroko's Basketball: Season 3: This Time, For Sure","07/10/23"
"Kuroko's Basketball: Season 3: In Order to Win","07/10/23"
"Kuroko's Basketball: Season 3: Don't Belittle Us!!","07/10/23"
"Kuroko's Basketball: Season 3: True Light","07/10/23"
"Kuroko's Basketball: Season 3: It Makes Me Laugh","07/10/23"
"Kuroko's Basketball: Season 3: I Will Offer Them","07/10/23"
"Kuroko's Basketball: Season 3: Don't You Get In My Way","06/10/23"
"Kuroko's Basketball: Season 3: This Is Mine","06/10/23"
"Kuroko's Basketball: Season 3: I'm Just Going at Full Strength","06/10/23"
"Kuroko's Basketball: Season 2: Episode 50","06/10/23"
"Kuroko's Basketball: Season 2: Episode 49","06/10/23"
"Kuroko's Basketball: Season 2: Episode 48","06/10/23"
"Kuroko's Basketball: Season 2: Episode 47","06/10/23"
"Kuroko's Basketball: Season 2: Episode 46","06/10/23"
"Kuroko's Basketball: Season 2: Episode 45","06/10/23"
"Kuroko's Basketball: Season 2: Episode 44","06/10/23"
"Kuroko's Basketball: Season 2: Episode 43","06/10/23"
"Kuroko's Basketball: Season 2: Episode 42","06/10/23"
"Kuroko's Basketball: Season 2: Would You Mind Doing That Once More","06/10/23"
"Kuroko's Basketball: Season 2: Episode 41","06/10/23"
"Kuroko's Basketball: Season 2: Episode 40","05/10/23"
"Kuroko's Basketball: Season 2: Episode 39","05/10/23"
"Kuroko's Basketball: Season 2: Episode 38","05/10/23"
"Kuroko's Basketball: Season 2: Episode 36","05/10/23"
"Kuroko's Basketball: Season 2: Episode 35","05/10/23"
"Kuroko's Basketball: Season 2: Episode 34","05/10/23"
"Kuroko's Basketball: Season 2: Episode 33","05/10/23"
"Kuroko's Basketball: Season 2: Episode 32","05/10/23"
"Kuroko's Basketball: Season 2: Episode 31","05/10/23"
"Kuroko's Basketball: Season 2: Episode 30","05/10/23"
"Kuroko's Basketball: Season 2: Episode 29","05/10/23"
"Kuroko's Basketball: Season 2: Episode 28","05/10/23"
"Kuroko's Basketball: Season 2: Episode 27","05/10/23"
"Kuroko's Basketball: Season 2: Episode 26","05/10/23"
"Kuroko's Basketball: Season 1: Episode 25","05/10/23"
"Kuroko's Basketball: Season 1: Episode 24","05/10/23"
"Kuroko's Basketball: Season 1: Episode 23","05/10/23"
"Kuroko's Basketball: Season 1: Kuroko's Basketball: Tip Off","05/10/23"
"Kuroko's Basketball: Season 1: Episode 22","05/10/23"
"Kuroko's Basketball: Season 1: Episode 21","04/10/23"
"Kuroko's Basketball: Season 1: Episode 20","04/10/23"
"Kuroko's Basketball: Season 1: Episode 19","04/10/23"
"Kuroko's Basketball: Season 1: Episode 18","04/10/23"
"Kuroko's Basketball: Season 1: Episode 17","04/10/23"
"Kuroko's Basketball: Season 1: Episode 16","04/10/23"
"Kuroko's Basketball: Season 1: Episode 15","04/10/23"
"Kuroko's Basketball: Season 1: Episode 14","04/10/23"
"Kuroko's Basketball: Season 1: Episode 13","04/10/23"
"Kuroko's Basketball: Season 1: Episode 12","04/10/23"
"Kuroko's Basketball: Season 1: Episode 11","04/10/23"
"Kuroko's Basketball: Season 1: Episode 10","04/10/23"
"Kuroko's Basketball: Season 1: Episode 9","04/10/23"
"Kuroko's Basketball: Season 1: Episode 8","04/10/23"
"Kuroko's Basketball: Season 1: Episode 7","04/10/23"
"Kuroko's Basketball: Season 1: Episode 6","03/10/23"
"Kuroko's Basketball: Season 1: Episode 5","03/10/23"
"Kuroko's Basketball: Season 1: Episode 4","03/10/23"
"Kuroko's Basketball: Season 1: Episode 3","03/10/23"
"Kuroko's Basketball: Season 1: Episode 2","03/10/23"
"Kuroko's Basketball: Season 1: Episode 1","03/10/23"
"Demon Slayer: Kimetsu no Yaiba: Swordsmith Village Arc: A Connected Bond: Daybreak and First Light","02/10/23"
"Demon Slayer: Kimetsu no Yaiba: Swordsmith Village Arc: Love Hashira Mitsuri Kanroji","02/10/23"
"Demon Slayer: Kimetsu no Yaiba: Swordsmith Village Arc: Mist Hashira Muichiro Tokito","02/10/23"
"Demon Slayer: Kimetsu no Yaiba: Swordsmith Village Arc: The Mu in Muichiro","02/10/23"
"Demon Slayer: Kimetsu no Yaiba: Swordsmith Village Arc: Awful Villain","02/10/23"
"Demon Slayer: Kimetsu no Yaiba: Swordsmith Village Arc: Aren't You Going to Become a Hashira?","02/10/23"
"Demon Slayer: Kimetsu no Yaiba: Swordsmith Village Arc: Bright Red Sword","02/10/23"
"Demon Slayer: Kimetsu no Yaiba: Swordsmith Village Arc: Thank You, Tokito","02/10/23"
"Demon Slayer: Kimetsu no Yaiba: Swordsmith Village Arc: A Sword from Over 300 Years Ago","02/10/23"
"Demon Slayer: Kimetsu no Yaiba: Swordsmith Village Arc: Yoriichi Type Zero","02/10/23"
"Demon Slayer: Kimetsu no Yaiba: Swordsmith Village Arc: Someone's Dream","02/10/23"
"Demon Slayer: Kimetsu no Yaiba: Entertainment District Arc: No Matter How Many Lives","30/09/23"
"Destined with You: Limited Series: Episode 12","28/09/23"
"Destined with You: Limited Series: Episode 11","27/09/23"
"Destined with You: Limited Series: Episode 10","27/09/23"
"Kill Boksoon","26/09/23"
"Behind Your Touch: Limited Series: Episode 1","24/09/23"
"Destined with You: Limited Series: Episode 9","24/09/23"
"Destined with You: Limited Series: Episode 8","24/09/23"
"Destined with You: Limited Series: Episode 7","23/09/23"
"Destined with You: Limited Series: Episode 6","23/09/23"
"Destined with You: Limited Series: Episode 5","23/09/23"
"Destined with You: Limited Series: Episode 4","22/09/23"
"Destined with You: Limited Series: Episode 3","22/09/23"
"Destined with You: Limited Series: Episode 2","22/09/23"
"Destined with You: Limited Series: Episode 1","22/09/23"
"The Uncanny Counter: Season 2: Counter Punch: Episode 4","11/08/23"
"See You in My 19th Life: Limited Series: You're Bound to Meet Someone You've Parted With","11/08/23"
"King the Land: Limited Series: Episode 16","08/08/23"
"See You in My 19th Life: Limited Series: Casting One's Fate Unto the Dice","05/08/23"
"See You in My 19th Life: Limited Series: The Ones Who Share Each Others' Joy and Sorrow","05/08/23"
"The Uncanny Counter: Season 2: Counter Punch: Episode 3","05/08/23"
"King the Land: Limited Series: Episode 15","05/08/23"
"King the Land: Limited Series: Episode 9","05/08/23"
"See You in My 19th Life: Limited Series: The Spot In One's Heart From Longing","03/08/23"
"See You in My 19th Life: Limited Series: Am I the Butterfly or Is the Butterfly Me?","03/08/23"
"See You in My 19th Life: Limited Series: The Inability to Forget About the One You Long For","03/08/23"
"See You in My 19th Life: Limited Series: The Agony of Parting With the One You Love","02/08/23"
"See You in My 19th Life: Limited Series: The Will to Finish What You've Started","02/08/23"
"See You in My 19th Life: Limited Series: Happiness, Sadness, Pity, and Joy","02/08/23"
"The Uncanny Counter: Season 2: Counter Punch: Episode 2","01/08/23"
"The Uncanny Counter: Season 2: Counter Punch: Episode 1","01/08/23"
"Dream","01/08/23"
"King the Land: Limited Series: Episode 14","30/07/23"
"King the Land: Limited Series: Episode 13","30/07/23"
"King the Land: Limited Series: Episode 12","27/07/23"
"King the Land: Limited Series: Episode 11","25/07/23"
"King the Land: Limited Series: Episode 10","18/07/23"
"King the Land: Limited Series: Episode 8","10/07/23"
"King the Land: Limited Series: Episode 7","10/07/23"
"Business Proposal: Limited Series: Episode 12","09/07/23"
"Business Proposal: Limited Series: Episode 11","08/07/23"
"Business Proposal: Limited Series: Episode 10","08/07/23"
"Business Proposal: Limited Series: Episode 9","08/07/23"
"Business Proposal: Limited Series: Episode 8","08/07/23"
"Business Proposal: Limited Series: Episode 7","07/07/23"
"Business Proposal: Limited Series: Episode 6","07/07/23"
"Business Proposal: Limited Series: Episode 5","07/07/23"
"Business Proposal: Limited Series: Episode 4","07/07/23"
"Business Proposal: Limited Series: Episode 3","07/07/23"
"Business Proposal: Limited Series: Episode 2","07/07/23"
"Business Proposal: Limited Series: Episode 1","07/07/23"
"Celebrity: Limited Series: #nowhere #but_everywhere #like_you_and_me","05/07/23"
"Celebrity: Limited Series: #but_she's_dead","05/07/23"
"Celebrity: Limited Series: #get_your_popcorn_ready","05/07/23"
"Celebrity: Limited Series: #truth_wins #spill_the_tea","03/07/23"
"Celebrity: Limited Series: #hierarchy #the_world_we_live_in","03/07/23"
"Celebrity: Limited Series: #what_a_hotmess  #turn_the_tables","03/07/23"
"Celebrity: Limited Series: #sorrynotsorry #life_is_unfair","03/07/23"
"Celebrity: Limited Series: #pandoras_box #the_world_they_live_in","03/07/23"
"Celebrity: Limited Series: #lets_connect","01/07/23"
"Celebrity: Limited Series: #likes","01/07/23"
"Celebrity: Limited Series: #following, follower","01/07/23"
"Celebrity: Limited Series: #get_famous","30/06/23"
"Crash Landing on You: Season 1: Episode 16","29/06/23"
"Crash Landing on You: Season 1: Episode 15","29/06/23"
"Crash Landing on You: Season 1: Episode 14","29/06/23"
"Crash Landing on You: Season 1: Episode 13","28/06/23"
"Crash Landing on You: Season 1: Episode 12","28/06/23"
"Crash Landing on You: Season 1: Episode 11","28/06/23"
"Crash Landing on You: Season 1: Episode 10","28/06/23"
"Crash Landing on You: Season 1: Episode 9","27/06/23"
"Crash Landing on You: Season 1: Episode 8","27/06/23"
"Crash Landing on You: Season 1: Episode 7","26/06/23"
"Crash Landing on You: Season 1: Episode 6","26/06/23"
"Crash Landing on You: Season 1: Episode 5","26/06/23"
"Crash Landing on You: Season 1: Episode 4","26/06/23"
"Crash Landing on You: Season 1: Episode 3","26/06/23"
"Crash Landing on You: Season 1: Episode 2","26/06/23"
"Crash Landing on You: Season 1: Episode 1","25/06/23"
"Her Private Life: Season 1: Episode 15","25/06/23"
"Her Private Life: Season 1: Episode 14","25/06/23"
"Her Private Life: Season 1: Episode 13","25/06/23"
"Her Private Life: Season 1: Episode 12","25/06/23"
"Her Private Life: Season 1: Episode 11","25/06/23"
"Her Private Life: Season 1: Episode 10","25/06/23"
"Her Private Life: Season 1: Episode 9","25/06/23"
"Her Private Life: Season 1: Episode 8","25/06/23"
"Her Private Life: Season 1: Episode 7","25/06/23"
"Her Private Life: Season 1: Episode 6","25/06/23"
"Her Private Life: Season 1: Episode 5","25/06/23"
"Her Private Life: Season 1: Episode 4","25/06/23"
"Her Private Life: Season 1: Episode 3","24/06/23"
"Her Private Life: Season 1: Episode 2","24/06/23"
"Her Private Life: Season 1: Episode 1","24/06/23"
"Mystic Pop-up Bar: Season 1: Episode 2","24/06/23"
"Mystic Pop-up Bar: Season 1: Episode 1","24/06/23"
"Lawless Lawyer: Episode 4","24/06/23"
"Lawless Lawyer: Episode 3","24/06/23"
"Lawless Lawyer: Episode 2","24/06/23"
"Lawless Lawyer: Episode 1","24/06/23"
"Touch Your Heart: Episode 16","24/06/23"
"Touch Your Heart: Episode 15","23/06/23"
"Touch Your Heart: Episode 14","23/06/23"
"Touch Your Heart: Episode 13","23/06/23"
"Touch Your Heart: Episode 12","23/06/23"
"Touch Your Heart: Episode 11","23/06/23"
"Touch Your Heart: Episode 10","23/06/23"
"Touch Your Heart: Episode 9","23/06/23"
"Touch Your Heart: Episode 8","23/06/23"
"Touch Your Heart: Episode 7","23/06/23"
"Touch Your Heart: Episode 6","23/06/23"
"Touch Your Heart: Episode 5","23/06/23"
"Touch Your Heart: Episode 4","23/06/23"
"Touch Your Heart: Episode 3","22/06/23"
"Touch Your Heart: Episode 2","22/06/23"
"Touch Your Heart: Episode 1","22/06/23"
"Agency: Limited Series: Episode 16","15/06/23"
"Agency: Limited Series: Episode 15","15/06/23"
"Agency: Limited Series: Episode 14","15/06/23"
"Agency: Limited Series: Episode 13","15/06/23"
"Agency: Limited Series: Episode 12","15/06/23"
"Agency: Limited Series: Episode 11","15/06/23"
"Agency: Limited Series: Episode 10","15/06/23"
"Agency: Limited Series: Episode 9","13/06/23"
"Agency: Limited Series: Episode 8","13/06/23"
"Agency: Limited Series: Episode 7","13/06/23"
"Agency: Limited Series: Episode 6","13/06/23"
"Agency: Limited Series: Episode 5","13/06/23"
"Agency: Limited Series: Episode 4","13/06/23"
"Agency: Limited Series: Episode 3","12/06/23"
"Agency: Limited Series: Episode 2","12/06/23"
"Agency: Limited Series: Episode 1","11/06/23"
"Bloodhounds: Season 1: Episode 8","11/06/23"
"Bloodhounds: Season 1: Episode 7","10/06/23"
"Bloodhounds: Season 1: Episode 6","10/06/23"
"Bloodhounds: Season 1: Episode 5","10/06/23"
"Bloodhounds: Season 1: Episode 4","10/06/23"
"Bloodhounds: Season 1: Episode 3","10/06/23"
"Bloodhounds: Season 1: Episode 2","10/06/23"
"Bloodhounds: Season 1: Episode 1","10/06/23"
"The Good Bad Mother: Limited Series: Episode 1","09/06/23"
"Doctor Cha: Limited Series: Episode 11","21/05/23"
"Doctor Cha: Limited Series: Episode 10","17/05/23"
"Doctor Cha: Limited Series: Episode 9","17/05/23"
"Doctor Cha: Limited Series: Episode 8","09/05/23"
"Doctor Cha: Limited Series: Episode 7","09/05/23"
"Doctor Cha: Limited Series: Episode 6","08/05/23"
"Doctor Cha: Limited Series: Episode 5","08/05/23"
"Doctor Cha: Limited Series: Episode 4","08/05/23"
"Doctor Cha: Limited Series: Episode 3","08/05/23"
"Doctor Cha: Limited Series: Episode 2","08/05/23"
"Doctor Cha: Limited Series: Episode 1","08/05/23"
"Divorce Attorney Shin: Limited Series: Episode 12","21/04/23"
"Divorce Attorney Shin: Limited Series: Episode 11","21/04/23"
"Divorce Attorney Shin: Limited Series: Episode 10","21/04/23"
"Divorce Attorney Shin: Limited Series: Episode 9","21/04/23"
"Divorce Attorney Shin: Limited Series: Episode 8","20/04/23"
"Divorce Attorney Shin: Limited Series: Episode 7","20/04/23"
"Divorce Attorney Shin: Limited Series: Episode 6","18/04/23"
"Divorce Attorney Shin: Limited Series: Episode 5","18/04/23"
"Divorce Attorney Shin: Limited Series: Episode 4","18/04/23"
"Divorce Attorney Shin: Limited Series: Episode 3","17/04/23"
"Divorce Attorney Shin: Limited Series: Episode 2","16/04/23"
"Divorce Attorney Shin: Limited Series: Episode 1","16/04/23"
"Queenmaker: Season 1: Episode 1","16/04/23"
"She Would Never Know: Episode 13","09/04/23"
"She Would Never Know: Episode 16","09/04/23"
"She Would Never Know: Episode 15","09/04/23"
"She Would Never Know: Episode 14","09/04/23"
"She Would Never Know: Episode 12","06/04/23"
"She Would Never Know: Episode 11","05/04/23"
"She Would Never Know: Episode 10","01/04/23"
"She Would Never Know: Episode 9","31/03/23"
"She Would Never Know: Episode 8","31/03/23"
"She Would Never Know: Episode 7","30/03/23"
"She Would Never Know: Episode 6","30/03/23"
"She Would Never Know: Episode 5","30/03/23"
"She Would Never Know: Episode 4","28/03/23"
"She Would Never Know: Episode 1","28/03/23"
"She Would Never Know: Episode 3","28/03/23"
"She Would Never Know: Episode 2","28/03/23"
"Forecasting Love and Weather: Limited Series: Tomorrow's Answers","25/03/23"
"Forecasting Love and Weather: Limited Series: Ensemble","24/03/23"
"Forecasting Love and Weather: Limited Series: Migratory Anticyclone","24/03/23"
"Forecasting Love and Weather: Limited Series: Scenario 1, 2, 3","24/03/23"
"Forecasting Love and Weather: Limited Series: Variation Area","24/03/23"
"Forecasting Love and Weather: Limited Series: 1℃","24/03/23"
"Forecasting Love and Weather: Limited Series: Tropical Night","24/03/23"
"Forecasting Love and Weather: Limited Series: Dry Changma(Rainy Season)","23/03/23"
"Forecasting Love and Weather: Limited Series: Discomfort Index","23/03/23"
"Forecasting Love and Weather: Limited Series: Ozone Warning","23/03/23"
"Forecasting Love and Weather: Limited Series: Heat Island Phenomenon","23/03/23"
"Forecasting Love and Weather: Limited Series: Localized Heavy Rain","23/03/23"
"Forecasting Love and Weather: Limited Series: Visibility","23/03/23"
"Forecasting Love and Weather: Limited Series: In Between Seasons","22/03/23"
"Forecasting Love and Weather: Limited Series: Sensible Temperature","22/03/23"
"Forecasting Love and Weather: Limited Series: Signal","22/03/23"
"Hometown Cha-Cha-Cha: Limited Series: Episode 16","21/03/23"
"Hometown Cha-Cha-Cha: Limited Series: Episode 15","21/03/23"
"Hometown Cha-Cha-Cha: Limited Series: Episode 14","21/03/23"
"Hometown Cha-Cha-Cha: Limited Series: Episode 13","21/03/23"
"Hometown Cha-Cha-Cha: Limited Series: Episode 12","21/03/23"
"Hometown Cha-Cha-Cha: Limited Series: Episode 11","21/03/23"
"Hometown Cha-Cha-Cha: Limited Series: Episode 10","21/03/23"
"Hometown Cha-Cha-Cha: Limited Series: Episode 9","21/03/23"
"Hometown Cha-Cha-Cha: Limited Series: Episode 8","21/03/23"
"Hometown Cha-Cha-Cha: Limited Series: Episode 7","21/03/23"
"Hometown Cha-Cha-Cha: Limited Series: Episode 6","20/03/23"
"Hometown Cha-Cha-Cha: Limited Series: Episode 5","20/03/23"
"Hometown Cha-Cha-Cha: Limited Series: Episode 4","20/03/23"
"Hometown Cha-Cha-Cha: Limited Series: Episode 3","20/03/23"
"Hometown Cha-Cha-Cha: Limited Series: Episode 2","20/03/23"
"Hometown Cha-Cha-Cha: Limited Series: Episode 1","20/03/23"
"Crash Course in Romance: Limited Series: You and I, the Union of Two Universes","19/03/23"
"Crash Course in Romance: Limited Series: The Result of Chance and Inevitability","19/03/23"
"Crash Course in Romance: Limited Series: Find the Unique Solution","19/03/23"
"Crash Course in Romance: Limited Series: How We Approach an Unsolvable Conjecture","19/03/23"
"Crash Course in Romance: Limited Series: Point of Intersection between Comedy and Tragedy","19/03/23"
"Crash Course in Romance: Limited Series: The Functional Relationship of Our Love","19/03/23"
"Crash Course in Romance: Limited Series: Emotion, the Variable That Alters Relationships","19/03/23"
"Crash Course in Romance: Limited Series: The Butterfly Effect of Our Relationship","19/03/23"
"Crash Course in Romance: Limited Series: Chance Becomes Fate through Inductive Reasoning","18/03/23"
"Crash Course in Romance: Limited Series: The Very Average Laws of Attraction","18/03/23"
"Crash Course in Romance: Limited Series: There Are No Correct Answers in Life, Only Best Answers","18/03/23"
"Crash Course in Romance: Limited Series: The Secret Probability Distribution of X and Y","18/03/23"
"Crash Course in Romance: Limited Series: Revolt of the Arithmetic Sequence","18/03/23"
"Crash Course in Romance: Limited Series: Number of Outcomes Where Dislike Becomes Like","18/03/23"
"Crash Course in Romance: Limited Series: Probability of Encountering Your Enemy at Your Worst","15/03/23"
"Bad And Crazy: Episode 3","29/01/23"
"Bad And Crazy: Episode 2","29/01/23"
"Juvenile Justice: Season 1: Episode 10","29/01/23"
"Juvenile Justice: Season 1: Episode 9","29/01/23"
"Juvenile Justice: Season 1: Episode 8","29/01/23"
"Juvenile Justice: Season 1: Episode 7","29/01/23"
"Juvenile Justice: Season 1: Episode 6","28/01/23"
"Juvenile Justice: Season 1: Episode 5","27/01/23"
"Juvenile Justice: Season 1: Episode 4","27/01/23"
"Juvenile Justice: Season 1: Episode 3","25/01/23"
"Juvenile Justice: Season 1: Episode 2","25/01/23"
"Juvenile Justice: Season 1: Episode 1","25/01/23"
"Bad And Crazy: Episode 1","23/01/23"
"The Fabulous: Season 1: Dom Pérignon and a Shot of Soju","14/01/23"
"Breaking Bad: Season 1: Pilot","09/04/22"
"The Call","29/06/21"
"The Trial of the Chicago 7","25/06/21"
"Devilman Crybaby: Limited Series: Beautiful Silene","20/06/21"
"Devilman Crybaby: Limited Series: Come, Akira","20/06/21"
"Dark: Season 1: Alpha and Omega","19/06/21"
"Dark: Season 1: Everything Is Now","18/06/21"
"Ludo","17/06/21"
"Dark: Season 1: As You Sow, So You Shall Reap","17/06/21"
"To All The Boys: Always And Forever","16/06/21"
"Awake","16/06/21"
"Dark: Season 1: Crossroads","15/06/21"
"Dark: Season 1: Sic Mundus Creatus Est","15/06/21"
"Dark: Season 1: Truths","15/06/21"
"Dark: Season 1: Double Lives","14/06/21"
"Dark: Season 1: Past and Present","14/06/21"
"Dark: Season 1: Lies","14/06/21"
"Dark: Season 1: Secrets","11/06/21"
"Haikyu!!: Haikyu!! TO THE TOP: ","09/06/21"
"Demon Slayer: Kimetsu no Yaiba: Tanjiro Kamado, Unwavering Resolve Arc: New Mission","08/06/21"
"Demon Slayer: Kimetsu no Yaiba: Tanjiro Kamado, Unwavering Resolve Arc: Tsuguko, Kanao Tsuyuri","08/06/21"
"Demon Slayer: Kimetsu no Yaiba: Tanjiro Kamado, Unwavering Resolve Arc: Rehabilitation Training","08/06/21"
"Demon Slayer: Kimetsu no Yaiba: Tanjiro Kamado, Unwavering Resolve Arc: Hashira Meeting","08/06/21"
"Demon Slayer: Kimetsu no Yaiba: Tanjiro Kamado, Unwavering Resolve Arc: Master of the Mansion","07/06/21"
"Demon Slayer: Kimetsu no Yaiba: Tanjiro Kamado, Unwavering Resolve Arc: Against Corps Rules","07/06/21"
"Eternal Sunshine of the Spotless Mind","06/06/21"
"Demon Slayer: Kimetsu no Yaiba: Tanjiro Kamado, Unwavering Resolve Arc: Pretend Family","05/06/21"
"Demon Slayer: Kimetsu no Yaiba: Tanjiro Kamado, Unwavering Resolve Arc: Hinokami","05/06/21"
"Demon Slayer: Kimetsu no Yaiba: Tanjiro Kamado, Unwavering Resolve Arc: A Forged Bond","05/06/21"
"Demon Slayer: Kimetsu no Yaiba: Tanjiro Kamado, Unwavering Resolve Arc: You Must Master a Single Thing","04/06/21"
"Demon Slayer: Kimetsu no Yaiba: Tanjiro Kamado, Unwavering Resolve Arc: Letting Someone Else Go First","04/06/21"
"Demon Slayer: Kimetsu no Yaiba: Tanjiro Kamado, Unwavering Resolve Arc: Mount Natagumo","04/06/21"
"Demon Slayer: Kimetsu no Yaiba: Tanjiro Kamado, Unwavering Resolve Arc: The House with the Wisteria Family Crest","04/06/21"
"Haikyu!!: Haikyu!! TO THE TOP: ","02/06/21"
"Haikyu!!: Haikyu!! TO THE TOP: ","02/06/21"
"Haikyu!!: Haikyu!! TO THE TOP: ","02/06/21"
"Haikyu!!: Haikyu!! TO THE TOP: ","02/06/21"
"Haikyu!!: Haikyu!! TO THE TOP: ","02/06/21"
"Troy","02/06/21"
"Demon Slayer: Kimetsu no Yaiba: Tanjiro Kamado, Unwavering Resolve Arc: Something More Important Than Life","02/06/21"
"Demon Slayer: Kimetsu no Yaiba: Tanjiro Kamado, Unwavering Resolve Arc: The Boar Bares Its Fangs, Zenitsu Sleeps","02/06/21"
"Demon Slayer: Kimetsu no Yaiba: Tanjiro Kamado, Unwavering Resolve Arc: Tsuzumi Mansion","02/06/21"
"Haikyu!!: Haikyu!! TO THE TOP: ","01/06/21"
"Haikyu!!: Haikyu!! TO THE TOP: ","01/06/21"
"Haikyu!!: Haikyu!! TO THE TOP: ","01/06/21"
"Demon Slayer: Kimetsu no Yaiba: Tanjiro Kamado, Unwavering Resolve Arc: Together Forever","01/06/21"
"Demon Slayer: Kimetsu no Yaiba: Tanjiro Kamado, Unwavering Resolve Arc: Temari Demon and Arrow Demon","01/06/21"
"Demon Slayer: Kimetsu no Yaiba: Tanjiro Kamado, Unwavering Resolve Arc: The Smell of Enchanting Blood","01/06/21"
"Demon Slayer: Kimetsu no Yaiba: Tanjiro Kamado, Unwavering Resolve Arc: Muzan Kibutsuji","31/05/21"
"Demon Slayer: Kimetsu no Yaiba: Tanjiro Kamado, Unwavering Resolve Arc: Swordsman Accompanying a Demon","31/05/21"
"Demon Slayer: Kimetsu no Yaiba: Tanjiro Kamado, Unwavering Resolve Arc: My Own Steel","29/05/21"
"Demon Slayer: Kimetsu no Yaiba: Tanjiro Kamado, Unwavering Resolve Arc: Final Selection","29/05/21"
"Demon Slayer: Kimetsu no Yaiba: Tanjiro Kamado, Unwavering Resolve Arc: Sabito and Makomo","28/05/21"
"Demon Slayer: Kimetsu no Yaiba: Tanjiro Kamado, Unwavering Resolve Arc: Trainer Sakonji Urokodaki","28/05/21"
"Haikyu!!: Haikyu!! Karasuno High School vs Shiratorizawa Academy: ","25/05/21"
"Haikyu!!: Haikyu!! Karasuno High School vs Shiratorizawa Academy: ","25/05/21"
"Haikyu!!: Haikyu!! Karasuno High School vs Shiratorizawa Academy: ","25/05/21"
"Haikyu!!: Haikyu!! Karasuno High School vs Shiratorizawa Academy: ","25/05/21"
"Haikyu!!: Haikyu!! Karasuno High School vs Shiratorizawa Academy: ","25/05/21"
"Haikyu!!: Haikyu!! Karasuno High School vs Shiratorizawa Academy: ","25/05/21"
"Haikyu!!: Haikyu!! Karasuno High School vs Shiratorizawa Academy: ","24/05/21"
"Haikyu!!: Haikyu!! Karasuno High School vs Shiratorizawa Academy: ","24/05/21"
"Haikyu!!: Haikyu!! Karasuno High School vs Shiratorizawa Academy: ","24/05/21"
"Haikyu!!: Haikyu!! Karasuno High School vs Shiratorizawa Academy: ","24/05/21"
"Haikyu!!: Haikyu!! II: Declaration of War","24/05/21"
"Haikyu!!: Haikyu!! II: The Absolute Limit Switch","24/05/21"
"Haikyu!!: Haikyu!! II: Team","24/05/21"
"Haikyu!!: Haikyu!! II: The Former Coward's Fight","24/05/21"
"Haikyu!!: Haikyu!! II: The Destroyer","24/05/21"
"Haikyu!!: Haikyu!! II: Wiping Out","24/05/21"
"Haikyu!!: Haikyu!! II: The Iron Wall Can Be Rebuilt Again and Again","24/05/21"
"Haikyu!!: Haikyu!! II: The Losers","24/05/21"
"Haikyu!!: Haikyu!! II: The Battle Without Will Power","23/05/21"
"Haikyu!!: Haikyu!! II: Next","23/05/21"
"Haikyu!!: Haikyu!! II: Place to Play","23/05/21"
"Haikyu!!: Haikyu!! II: Still Growing","23/05/21"
"Haikyu!!: Haikyu!! II: A Simple and Pure Strength","23/05/21"
"Haikyu!!: Haikyu!! II: Let the Games Begin!","23/05/21"
"Haikyu!!: Haikyu!! II: Above","23/05/21"
"Haikyu!!: Haikyu!! II: Gear","23/05/21"
"Haikyu!!: Haikyu!! II: VS. Umbrella","23/05/21"
"Haikyu!!: Haikyu!! II: Illusionary Hero","23/05/21"
"Haikyu!!: Haikyu!! II: Moonrise","23/05/21"
"Haikyu!!: Haikyu!! II: Tempo","23/05/21"
"Haikyu!!: Haikyu!! II: Greed","23/05/21"
"Haikyu!!: Haikyu!! II: Center Ace","23/05/21"
"Haikyu!!: Haikyu!! II: Villagers B","23/05/21"
"Haikyu!!: Haikyu!! II: Direct Sunlight","23/05/21"
"Haikyu!!: Haikyu!! II: Let's Go to Tokyo!!","23/05/21"
"Haikyu!!: The Third Day","23/05/21"
"Haikyu!!: Removing the Solitary King","23/05/21"
"Haikyu!!: The Point That Changes the Momentum","23/05/21"
"Haikyu!!: Evolution","23/05/21"
"Haikyu!!: Senpai's True Abilities","22/05/21"
"Haikyu!!: Oikawa Toru is not a Genius","22/05/21"
"Haikyu!!: Coaches","22/05/21"
"Demon Slayer: Kimetsu no Yaiba: Tanjiro Kamado, Unwavering Resolve Arc: Cruelty","22/05/21"
"Maniac: Limited Series: Option C","22/05/21"
"Maniac: Limited Series: Utangatta","22/05/21"
"Haikyu!!: Guarding Your Back","21/05/21"
"Haikyu!!: The Iron Wall","21/05/21"
"Haikyu!!: Winners and Losers","21/05/21"
"Haikyu!!: Revival","21/05/21"
"Haikyu!!: Formidable Opponents","21/05/21"
"Haikyu!!: Rival","21/05/21"
"Haikyu!!: Reunion of cat and crow","21/05/21"
"Haikyu!!: Decision","21/05/21"
"Haikyu!!: Yearning","19/05/21"
"Haikyu!!: A Toss to the Ace","19/05/21"
"Haikyu!!: He Who Is Called Ace","19/05/21"
"Haikyu!!: Versus the Great King","19/05/21"
"Haikyu!!: An Interesting Team","19/05/21"
"Haikyu!!: A Coward's Anxiety","18/05/21"
"Haikyu!!: The View from the Summit","18/05/21"
"Haikyu!!: The Formidable Ally","18/05/21"
"Haikyu!!: Karasuno High School Volleyball Club","18/05/21"
"Haikyu!!: The End & the Beginning","17/05/21"
"Room","17/05/21"
"Maniac: Limited Series: The Lake of the Clouds","17/05/21"
"Maniac: Limited Series: Ceci N'est Pas Une Drill","17/05/21"
"Maniac: Limited Series: Larger Structural Issues","15/05/21"
"The Upshaws: Part 1: Birthday B.S.","14/05/21"
"Sherlock: Series 3: The Empty Hearse","12/05/21"
"Friends: Season 8: The One with the Secret Closet","12/05/21"
"Friends: Season 8: The One Where Chandler Takes a Bath","12/05/21"
"Friends: Season 8: The One Where Joey Dates Rachel","12/05/21"
"Friends: Season 8: The One with the Creepy Holiday Card","12/05/21"
"Friends: Season 8: The One with Monica's Boots","12/05/21"
"Maniac: Limited Series: Exactly Like You","12/05/21"
"Maniac: Limited Series: Furs by Sebastian","12/05/21"
"Maniac: Limited Series: Having a Day","12/05/21"
"Sherlock: Series 2: The Reichenbach Fall","11/05/21"
"Sherlock: Series 2: The Hounds of Baskerville","10/05/21"
"Sherlock: Series 2: A Scandal in Belgravia","10/05/21"
"Maniac: Limited Series: Windmills","10/05/21"
"Maniac: Limited Series: The Chosen One!","10/05/21"
"Sherlock: Series 1: The Great Game","09/05/21"
